{
  "input": {
    "postHeight": 4200,
    "platformWeight": 150
  },
  "candidates": [
    {
      "rank": 1,
      "outerDiameter": 165.2,
      "thickness": 4.85,
      "bracketHeight": 600,
      "bracketBreadth": 300,
      "bracketRadius": 900,
      "bracketThickness": 8,
      "postWeight": 80.55259257701837,
      "forceVertical": 3615.0646516076486,
      "bendingMoment": 8614949.590758543,
      "area": 2443.208752715146,
      "momentOfInertia": 7859694.140096218,
      "sectionModulus": 95153.68208348933,
      "loadHeight": 4080,
      "forceHorizontal": 2111.507252636898,
      "maxBendingStress": 90.53721729023215,
      "maxAxialStress": 1.4796380569569485,
      "maxEquivalentStress": 92.0168553471891,
      "allowableStress": 200,
      "maxDisplacement": 29.524254877879137,
      "allowableDisplacement": 33.6,
      "stressOk": true,
      "displacementOk": true
    },
    {
      "rank": 2,
      "outerDiameter": 165.2,
      "thickness": 7.1,
      "bracketHeight": 600,
      "bracketBreadth": 300,
      "bracketRadius": 900,
      "bracketThickness": 11,
      "postWeight": 116.26768852108809,
      "forceVertical": 4175.077356010662,
      "bendingMoment": 9423467.932740396,
      "area": 3526.4691695810766,
      "momentOfInertia": 11040502.168838874,
      "sectionModulus": 133662.2538600348,
      "loadHeight": 4080,
      "forceHorizontal": 2309.6735129265676,
      "maxBendingStress": 70.50208761710867,
      "maxAxialStress": 1.183925664805014,
      "maxEquivalentStress": 71.68601328191369,
      "allowableStress": 200,
      "maxDisplacement": 22.990783972931464,
      "allowableDisplacement": 33.6,
      "stressOk": true,
      "displacementOk": true
    },
    {
      "rank": 3,
      "outerDiameter": 216.3,
      "thickness": 5.85,
      "bracketHeight": 600,
      "bracketBreadth": 300,
      "bracketRadius": 900,
      "bracketThickness": 9,
      "postWeight": 127.5186234761279,
      "forceVertical": 4351.492016105686,
      "bendingMoment": 9678166.598252585,
      "area": 3867.7168175956294,
      "momentOfInertia": 21428807.035742342,
      "sectionModulus": 198139.68595231013,
      "loadHeight": 4080,
      "forceHorizontal": 2372.0996564344573,
      "maxBendingStress": 48.84516976867524,
      "maxAxialStress": 1.125080304822005,
      "maxEquivalentStress": 49.97025007349725,
      "allowableStress": 200,
      "maxDisplacement": 12.165415618025358,
      "allowableDisplacement": 33.6,
      "stressOk": true,
      "displacementOk": true
    },
    {
      "rank": 4,
      "outerDiameter": 139.8,
      "thickness": 9.5,
      "bracketHeight": 600,
      "bracketBreadth": 300,
      "bracketRadius": 900,
      "bracketThickness": 15,
      "postWeight": 128.21441077213478,
      "forceVertical": 4362.401960907074,
      "bendingMoment": 9693917.83105959,
      "area": 3888.8204662461267,
      "momentOfInertia": 8296963.739605927,
      "sectionModulus": 118697.62145358979,
      "loadHeight": 4080,
      "forceHorizontal": 2375.960252710684,
      "maxBendingStress": 81.66901503455877,
      "maxAxialStress": 1.1217802412766293,
      "maxEquivalentStress": 82.79079527583539,
      "allowableStress": 200,
      "maxDisplacement": 31.471105089362037,
      "allowableDisplacement": 33.6,
      "stressOk": true,
      "displacementOk": true
    },
    {
      "rank": 5,
      "outerDiameter": 267.4,
      "thickness": 6.4,
      "bracketHeight": 600,
      "bracketBreadth": 300,
      "bracketRadius": 900,
      "bracketThickness": 10,
      "postWeight": 173.01720867130453,
      "forceVertical": 5064.909831966055,
      "bendingMoment": 10708163.569900993,
      "area": 5247.716368556401,
      "momentOfInertia": 44711829.150610775,
      "sectionModulus": 334419.0661975376,
      "loadHeight": 4080,
      "forceHorizontal": 2624.5498945835766,
      "maxBendingStress": 32.020194576991614,
      "maxAxialStress": 0.9651645546840721,
      "maxEquivalentStress": 32.985359131675686,
      "allowableStress": 200,
      "maxDisplacement": 6.450960913391489,
      "allowableDisplacement": 33.6,
      "stressOk": true,
      "displacementOk": true
    }
  ]
}
